{
    "rouge": {
        "rouge1": 0.6844793457511023,
        "rouge2": 0.6037442858543306,
        "rougeL": 0.6746482316256246,
        "rougeLsum": 0.6758227535550851
    },
    "bertscore": {
        "precision": 0.9499294709659623,
        "recall": 0.9384984448998274,
        "f1": 0.9438258659339951
    }
}