{
    "rouge": {
        "rouge1": 0.5697487350861334,
        "rouge2": 0.47763880211180865,
        "rougeL": 0.5592293786250515,
        "rougeLsum": 0.55788423323979
    },
    "bertscore": {
        "precision": 0.9321382138125016,
        "recall": 0.9073494645463167,
        "f1": 0.9191042097270328
    }
}