{
    "rouge": {
        "rouge1": 0.602169284040556,
        "rouge2": 0.4962825963083427,
        "rougeL": 0.5933891111814831,
        "rougeLsum": 0.5926350715869908
    },
    "bert_score": {
        "bert_score_precision": 0.9349746108055115,
        "bert_score_recall": 0.9270622730255127,
        "bert_score_f1": 0.9306032061576843
    }
}