{
    "rouge": {
        "rouge1": 0.6434096522670456,
        "rouge2": 0.47418085883288585,
        "rougeL": 0.6384114498419222,
        "rougeLsum": 0.6382954804477292
    },
    "bert_score": {
        "bert_score_precision": 0.930108904838562,
        "bert_score_recall": 0.9378849267959595,
        "bert_score_f1": 0.9338946342468262
    }
}