{
    "rouge": {
        "rouge1": 0.5899729364329285,
        "rouge2": 0.4912764041400455,
        "rougeL": 0.5802300787112673,
        "rougeLsum": 0.5788543231581506
    },
    "bertscore": {
        "precision": 0.932125308201962,
        "recall": 0.9109081851664901,
        "f1": 0.920910802089943
    }
}