{
    "rouge": {
        "rouge1": 0.6521985269806369,
        "rouge2": 0.5649554364359284,
        "rougeL": 0.6447576976569489,
        "rougeLsum": 0.6444715423385763
    },
    "bertscore": {
        "precision": 0.9443516890088955,
        "recall": 0.9332547464413558,
        "f1": 0.9383831329331427
    }
}